Kiểm định độ bền,Mô tả mẫu,Hệ số LSCI,SE LSCI,P-value LSCI,Hệ số ln(GDP),SE GDP,Số quan sát (N),Số nước,Pseudo LL
1. Mẫu cơ sở (2010–2024),Toàn bộ 9 nước ASEAN ven biển,1.039***,(0.277),0.0002,0.554*,(0.287),135,9,-68300421763.7
2. Loại Singapore (Không ngoại lai),Loại trừ cảng trung chuyển lớn nhất,0.472***,(0.079),0.0000,1.132***,(0.178),120,8,-38000897371.5
3. Tiền COVID (2010–2019),Tránh cú sốc đại dịch toàn cầu,0.953***,(0.258),0.0002,1.230***,(0.447),90,9,-24613016372.0
4. Loại năm 2020–2021,Loại trừ đứt gãy chuỗi cung ứng,1.083***,(0.283),0.0001,0.504*,(0.294),117,9,-61429128500.9
5. Phân nhóm ASEAN-6,Các nền kinh tế phát triển hơn,0.309,(0.303),0.3084,0.085,(0.253),90,6,-27084926410.7
6. Phân nhóm CLMV có biển,"Campuchia, Myanmar, Việt Nam",0.131***,(0.027),0.0000,0.688***,(0.145),45,3,-1482142399.4
7. Nông – Thủy sản (HS 01–24),Kiểm định giả thuyết H4,0.124,(0.280),0.6575,0.548**,(0.252),135,9,-10897482548.6
8. Chế biến – Chế tạo (HS 25–97),Kiểm định giả thuyết H4,1.134***,(0.268),0.0000,0.586**,(0.297),135,9,-68653426079.5
9. Placebo Test (LSCI Lead 1),LSCI tương lai giải thích hiện tại,1.000***,(0.212),0.0000,0.690***,(0.240),126,9,-54728501324.1
