iso3,country,year,export_usd,lsci,gdp_usd,population,fdi_gdp,reer,official_fx,clmv,asean6,covid,ln_export,ln_lsci,ln_gdp,ln_population,ln_lsci_lag1,data_complete,export_usd_agri,export_usd_mfg,ln_export_agri,ln_export_mfg,lsci_lag1,fx_growth,lsci_quarters,lsci_partial_year
BRN,Brunei Darussalam,2010,8837178813.241764,24.5336,13707121038.4383,392332.0,3.50710078835613,,1.36350947368421,0,1,0,22.902233523886792,3.200043606572865,23.341181318567283,12.879863699097841,,1,3389265.8129249737,8820334799.898878,15.036123881542606,22.90032566541689,,,4,0
BRN,Brunei Darussalam,2011,12440507595.3181,25.7899275,18524791062.657,399389.0,3.73105568458092,,1.25791302014692,0,1,0,23.24422372690717,3.249984008722183,23.64237572939597,12.897691158272615,3.200043606572865,1,4689348.996285756,12421869819.168892,15.360804324025812,23.24272445116779,24.5336,-0.07744460568503997,4,0
BRN,Brunei Darussalam,2012,13180600609.03823,24.5981925,19048443340.7732,405557.0,4.54055753809902,,1.24956701649958,0,1,0,23.30201193471226,3.2026729646290963,23.67025122078521,12.913016709859948,3.249984008722183,1,6186886.999985688,13155908791.207312,15.637942610241872,23.300136832382613,25.7899275,-0.006634801861232997,4,0
BRN,Brunei Darussalam,2013,11445574182.876856,23.945785,18094148098.6536,411202.0,4.28670084809197,,1.25116566976059,0,1,0,23.16086895797648,3.1757923167193076,23.618854413475766,12.926839856924493,3.2026729646290963,1,18431548.19177712,11409504940.147083,16.729574330012458,23.15771261163607,24.5981925,0.0012793657642213851,4,0
BRN,Brunei Darussalam,2014,10584141313.884563,24.717975,17097797386.0336,416750.0,3.35660901155102,,1.2670401230814,0,1,0,23.082622615321913,3.2075307117583423,23.56221548432429,12.940241800613041,3.1757923167193076,1,41566578.64514935,10527834316.882809,17.54280700438126,23.077288474027387,23.945785,0.012687730893261806,4,0
BRN,Brunei Darussalam,2015,6353924085.1138,23.9243725,12930296870.1247,422212.0,1.32471179544033,,1.37491084459887,0,1,0,22.572338425148203,3.17489770919987,23.282838989259698,12.953262836540999,3.2075307117583423,1,7191681.479095254,6338506904.591186,15.788435565929156,22.569909073652422,24.717975,0.08513599494792001,4,0
BRN,Brunei Darussalam,2016,6024104731.302824,25.9671675,11400266044.6651,427564.0,-1.32059047324396,,1.38134687688286,0,1,0,22.519034712967315,3.256832951570729,23.156902529325876,12.965859263756226,3.17489770919987,1,11781231.99164003,6001572597.489355,16.282018314050333,22.51528737141393,23.9243725,0.004681054272917429,4,0
BRN,Brunei Darussalam,2017,5588261657.761331,23.2490425,12128168045.1245,432772.0,3.85818821585897,,1.38089116405281,0,1,0,22.443934102184265,3.146263948389632,23.218796521713866,12.977966309412354,3.256832951570729,1,11071148.332603095,5566448794.492269,16.219853033053997,22.440023128221107,25.9671675,-0.0003299047021978474,4,0
BRN,Brunei Darussalam,2018,6571371351.590254,18.785685,13566908391.0895,437810.0,3.80486552830842,,1.34891856542537,0,1,0,22.60598837697558,2.9330951436259296,23.330899458093146,12.989540305290165,3.146263948389632,1,13508701.35309978,6548756350.620864,16.418844580453012,22.602540998431735,23.2490425,-0.023153597806798265,4,0
BRN,Brunei Darussalam,2019,7039084880.490754,22.4263325,13469235364.7032,442680.0,2.77118007919324,,1.36421851405475,0,1,0,22.67474401010046,3.1102358264693994,23.32367405995961,13.00060244037872,2.9330951436259296,1,10727365.046068924,7022174771.319633,16.188308515584012,22.672338803491385,18.785685,0.0113423812389708,4,0
BRN,Brunei Darussalam,2020,6607738113.994562,21.6241225,12005799653.9835,447404.0,4.71057565284031,,1.37970342971399,0,1,1,22.611507240720314,3.07380947395995,23.208655674479033,13.011217268543573,3.1102358264693994,1,10639357.337782905,6596005062.498025,16.18007063946927,22.609730009153783,22.4263325,0.011350759060742899,4,0
BRN,Brunei Darussalam,2021,11456382915.936155,19.4351775,14006496617.4458,451721.0,1.47404982867232,,1.34380696297339,0,1,1,23.161812871530696,2.9670846972699416,23.362787103029774,13.020820011595893,3.07380947395995,1,47224520.86324477,11403350532.311136,17.670423825471786,23.157173055507936,21.6241225,-0.026017523742795534,4,0
BRN,Brunei Darussalam,2022,14007271785.010344,22.9365475,16681536466.7183,455370.0,-1.73946797718401,,1.37895639652216,0,1,0,23.362842444928344,3.132731599067007,23.537568343946397,13.028865554289014,2.9670846972699416,1,45129079.41510305,13955973170.81502,17.625037373082016,23.359173437856867,19.4351775,0.026156609183655588,4,0
BRN,Brunei Darussalam,2023,10794808974.78144,24.9650525,15095084656.1634,458949.0,-0.37050451622702,,1.34307960114934,0,1,0,23.102331205043914,3.2174769468944833,23.437635008314953,13.036694371758275,3.132731599067007,1,15963843.166754264,10778486092.485666,16.585836920920237,23.100817955875467,22.9365475,-0.026017353023854994,4,0
BRN,Brunei Darussalam,2024,12290100479.861664,23.9376075,15340808592.48,462721.0,0.189449066349964,,1.33603327650724,0,1,0,23.23205993623232,3.1754507577923996,23.45378234287051,13.04487955964431,3.2174769468944833,1,12636262.21095245,12273292127.835484,16.352081191792994,23.230691366758382,24.9650525,-0.0052463939114778535,4,0
BRN,Brunei Darussalam,2025,10287373437.399776,22.1204575,15031980994.1121,466330.0,0.411162483586338,,1.307595108858,0,1,0,23.05418310031254,3.096502859080396,23.433445834694886,13.05264881699113,3.1754507577923996,1,11169701.415290924,10272911427.393848,16.228715439738323,23.052776309260164,23.9376075,-0.02128552345910517,4,0
IDN,Indonesia,2010,157779103470.0,237.635845,755094157621.936,246305322.0,2.02517914569356,,9090.43333333333,0,1,0,25.784461812444846,5.470739438904456,27.350108290501566,19.322082470652692,,1,25311231913.0,132463352276.0,23.95451408329406,25.609571857519335,,,4,0
IDN,Indonesia,2011,203496626408.0,237.2379075,892969104563.171,249470032.0,2.30298429381592,,8770.43333333333,0,1,0,26.038915263843982,5.4690634667495335,27.517817819870736,19.33484935371735,5.470739438904456,1,32167970095.0,171327645915.0,24.194237076890367,25.86684361813386,237.635845,-0.03520184222974332,4,0
IDN,Indonesia,2012,190031845232.0,219.303915,917869913332.649,252698525.0,2.30978031853073,,9386.62916666667,0,1,0,25.97045750154671,5.390458507521675,27.545321510916256,19.347707735380563,5.4690634667495335,1,32554897131.0,157475085517.0,24.206193643777688,25.782533095505535,237.2379075,0.07025831106786873,4,0
IDN,Indonesia,2013,182551798697.0,230.254365,912524136718.018,255852467.0,2.55135633401058,,10461.24,0,1,0,25.930299798173987,5.439184632610445,27.53948037325106,19.360111535537463,5.390458507521675,1,31100691800.0,151450842259.0,24.16049590025719,25.743526935704953,219.303915,0.11448314557364592,4,0
IDN,Indonesia,2014,175979986988.0,224.17411,890814755533.537,258877399.0,2.81997260412102,,11865.2112962963,0,1,0,25.893636115223604,5.412423026717595,27.51540233655429,19.371865144657846,5.439184632610445,1,34087712458.0,141891886366.0,24.2522028178233,25.678331240943475,230.254365,0.13420696746239447,4,0
IDN,Indonesia,2015,150282256805.321,232.1924425,860854232686.214,261799249.0,2.29761639380441,,13389.4129365079,0,1,0,25.735781074875867,5.44756652136116,27.481191027025265,19.383088542833974,5.412423026717595,1,31249775409.761,119007883272.94,24.165278026215347,25.502455573854864,224.17411,0.128459713202695,4,0
IDN,Indonesia,2016,145186211246.42502,217.835235,931877364037.698,264627418.0,0.487372471368879,,13308.3268020542,0,1,0,25.701282970960158,5.383738974273899,27.560467059323575,19.393833424836224,5.44756652136116,1,30882278732.062,114242105504.024,24.15344835251713,25.461585765900267,232.1924425,-0.00605598877547564,4,0
IDN,Indonesia,2017,168828175936.018,224.0402625,1015618744159.73,267346658.0,2.01948919812582,,13380.8338788891,0,1,0,25.852147324231073,5.411825779006719,27.64651914284897,19.404056718813333,5.383738974273899,1,36754377547.58,132033119401.335,24.32752317245235,25.606318632617068,217.835235,0.0054482488981040245,4,0
IDN,Indonesia,2018,180012674001.964,232.2017125,1042271532988.63,269951846.0,1.81428979349441,,14236.9387734818,0,1,0,25.916293096479897,5.447606444344261,27.67242361359333,19.413754152908577,5.411825779006719,1,34725642185.206,145239078454.13602,24.270744218870274,25.701647038485746,224.0402625,0.06397993595476681,4,0
IDN,Indonesia,2019,167682996134.228,224.9042925,1119099871350.2,272489381.0,2.23336204282241,,14147.6713605454,0,1,0,25.84534110608637,5.41567494504369,27.743545791812117,19.42311020250093,5.447606444344261,1,32242786212.045,135365778437.633,24.1965601718199,25.631246421296474,232.2017125,-0.006270126911177787,4,0
IDN,Indonesia,2020,163191838162.79,208.188245,1059054842698.48,274814866.0,1.81058402027127,,14582.2034678177,0,1,1,25.8181922669684,5.338442694452449,27.688397968457593,19.431608214374723,5.41567494504369,1,36546620997.667,126595316576.148,24.321854570104307,25.564261352102907,224.9042925,0.03071403739869938,4,0
IDN,Indonesia,2021,231710105855.52905,196.7567225,1186509691086.73,276758053.0,1.7878556314554,,14308.1439011897,0,1,1,26.168752883555854,5.281968054439349,27.802037080582156,19.438654227593986,5.338442694452449,1,50709498709.72,180986363263.588,24.64937908127202,25.921687524288807,208.188245,-0.018794112099233762,4,0
IDN,Indonesia,2022,292186695398.50104,217.057525,1319101183380.15,278830529.0,1.87264100861425,,14849.8539362105,0,1,0,26.400658802709266,5.380162410575639,27.907971698912664,19.446114732290518,5.281968054439349,1,55187078632.704,236977711074.4,24.73399468008695,26.191231927559354,196.7567225,0.037860259077752145,4,0
IDN,Indonesia,2023,259527777420.696,236.861145,1371166925749.88,281190067.0,1.57116966408747,,15236.8846620506,0,1,0,26.282129575907366,5.467474083360868,27.946683263838196,19.454541393663803,5.380162410575639,1,47905040276.821,211607701286.761,24.592486560813345,26.077999931763344,217.057525,0.02606293149431904,4,0
IDN,Indonesia,2024,266529176253.852,229.0517775,1396301788461.69,283487931.0,1.73855290316368,,15855.4482866711,0,1,0,26.308749553936437,5.4339480806169815,27.9648482777515,19.462680108797322,5.467474083360868,1,49412470564.45,217099710121.299,24.62346866985844,26.103622578598532,236.861145,0.040596463013276685,4,0
IDN,Indonesia,2025,260964763745.5369,241.2390375,1445642584163.81,285721236.0,1.54140671670434,,16477.8651797836,0,1,0,26.287651230348764,5.485788298772141,27.99957503356851,19.47052719415517,5.4339480806169815,1,54112507264.40659,206834561344.74356,24.71433118396087,26.055185090107965,229.0517775,0.039255710835734314,4,0
KHM,Cambodia,2010,3825902657.462535,21.164685,13808673288.0696,14500726.0,10.169807189939,,4184.91666666667,1,0,0,22.06506026526301,3.0523339908004745,23.34856273082218,16.48970927510291,,1,91480593.35671572,3731826363.504555,18.331637413288416,22.040163592456988,,,4,0
KHM,Cambodia,2011,5121058659.639476,19.6915975,16032622023.8265,14722584.0,9.59845134883877,,4058.5,1,0,0,22.356627024084805,2.980192021914563,23.49789135998758,16.50489319933731,3.0523339908004745,1,174334162.68874705,4943651051.800191,18.976484490646598,22.321369974473402,21.164685,-0.030207690316414793,4,0
KHM,Cambodia,2012,5330545902.2902775,15.1057675,17826536699.8016,14945085.0,11.1524912445112,,4033.0,1,0,0,22.396719490571883,2.7150766245375393,23.603954009898423,16.519893041204913,2.980192021914563,1,223172143.68301803,4931334224.982945,19.223453976395174,22.31887542225705,19.6915975,-0.006283109523222863,4,0
KHM,Cambodia,2013,6665865414.361354,21.63114,19807135252.8649,15170208.0,10.4430587644193,,4027.25,1,0,0,22.62026562676336,3.0741339431531065,23.709308076036866,16.534844062502962,2.7150766245375393,1,404041776.7526319,6258957089.430901,19.81702883838275,22.557279409046796,15.1057675,-0.0014257376642697883,4,0
KHM,Cambodia,2014,6748663680.24069,21.7191675,22041463967.9009,15396772.0,8.40902020300656,,4037.5,1,0,0,22.632610348933873,3.0781951656018887,23.816191242251193,16.54966843502292,3.0741339431531065,1,361677213.5341527,6386986466.706537,19.70626269669111,22.577528392642538,21.63114,0.0025451610900739663,4,0
KHM,Cambodia,2015,8557668794.46,31.1958025,24174170369.0738,15623251.0,7.54029662001984,,4067.75,1,0,0,22.870093652913788,3.440283550508347,23.908550559975033,16.56427081132144,3.0781951656018887,1,455487222.0100001,8098280327.51,19.936878221603404,22.814917570839178,21.7191675,0.007492260061919609,4,0
KHM,Cambodia,2016,10073044058.48827,36.898315,26556545153.3573,15852803.0,9.32318507305764,,4058.69457885305,1,0,0,23.033128787816608,3.6081658860472117,24.00254207603656,16.57885688807812,3.440283550508347,1,474134546.37190497,9595231048.545818,19.977001692485963,22.984532046214728,31.1958025,-0.0022261498732590868,4,0
KHM,Cambodia,2017,11278127964.009998,34.5971075,29355665909.7905,16073372.0,9.49760203098743,,4050.5799859191,1,0,0,23.14613110860592,3.543770080303253,24.10275141091964,16.59267454768711,3.6081658860472117,1,583408276.7400002,10691395720.13,20.184397802373024,23.092705116616024,36.898315,-0.001999311053418329,4,0
KHM,Cambodia,2018,12700279675.740002,32.3786575,33145892168.8958,16274522.0,9.69240300027112,,4051.16690028162,1,0,0,23.264889851880294,3.477499486611709,24.224184629426272,16.605111375427903,3.543770080303253,1,698601486.9300001,11997960932.020002,20.36459101877734,23.20800254996431,34.5971075,0.0001448963764596467,4,0
KHM,Cambodia,2019,14844775835.800009,32.2428625,36685356407.7206,16481304.0,9.98500044202808,,4061.14896313364,1,0,0,23.42091384473152,3.473296700917919,24.32564350441806,16.61773720552888,3.477499486611709,1,718987468.2299999,14122896448.82001,20.393354486089756,23.371063178911296,32.3786575,0.002463996941554303,4,0
KHM,Cambodia,2020,17412052058.33999,39.07691,34818073901.4851,16725474.0,10.410239809326,,4092.78321900878,1,0,1,23.580428450428684,3.66553175547122,24.27340245388873,16.63244350438415,3.473296700917919,1,813882915.55,16596130368.719988,20.51732707523042,23.532435394816403,32.2428625,0.0077894842475148,4,0
KHM,Cambodia,2021,16949623220.01,37.277455,36790163687.4421,16974305.0,9.4684591111041,,4098.72279505888,1,0,1,23.55351144161784,3.6183887203196994,24.328496355290547,16.647211288008272,3.66553175547122,1,921025322.26,16025245553.23,20.640998088152152,23.497431162770223,39.07691,0.0014512315293206957,4,0
KHM,Cambodia,2022,20750452544.58,35.921765,39994532959.6074,17201724.0,8.94830125779534,,4102.03786482335,1,0,0,23.75583389276265,3.581343379197864,24.412008605709516,16.660520169318875,3.6183887203196994,1,1013154407.14,19735443920.43,20.736334476204462,23.705682039876134,37.277455,0.0008088055548587381,4,0
KHM,Cambodia,2023,21676660006.492496,41.0189375,42335646895.7984,17423880.0,9.35096701989758,,4110.65274641577,1,0,0,23.799501942908467,3.714033850309747,24.468895284325427,16.67335223707882,3.581343379197864,1,1711672991.9775,19961357690.635,21.260737087062413,23.71706412608933,35.921765,0.002100146774922651,4,0
KHM,Cambodia,2024,26663355699.912,47.5957,46352647037.2406,17638801.0,9.48089832015712,,4072.39723921642,1,0,0,24.006556013990238,3.862742421022366,24.559544237084655,16.685611635711275,3.714033850309747,1,4090210229.402,22571293350.83,22.13186220651193,23.83994473011411,41.0189375,-0.009306431255402425,4,0
KHM,Cambodia,2025,31281013569.28501,55.2327875,51267065842.9641,17847982.0,9.94609689113059,,4013.43310400666,1,0,0,24.166277155208686,4.0115567533981356,24.660314391593214,16.697401006577635,3.862742421022366,1,4033889483.4289,27245299063.086216,22.117996879828706,24.028146831727476,47.5957,-0.014478974359855346,4,0
MMR,Myanmar,2010,7871068396.217127,25.45837,49540813342.4834,49024382.0,1.81897202342465,,5.63488333333333,1,0,0,22.78645964571668,3.2370445690844782,24.62606267876715,17.70782832415387,,1,1452922896.3362572,5890001455.461642,21.096843154976007,22.496522081717117,,,4,0
MMR,Myanmar,2011,7418904930.984977,25.64648,59977326085.9908,49419820.0,4.20127651183029,,5.44410833333334,1,0,0,22.72729729980899,3.2444063302307993,24.817232429180034,17.715862116268003,3.2370445690844782,1,1724858077.6141248,5400717928.089478,21.26841061019817,22.409797731325817,25.45837,-0.03385606918806183,4,0
MMR,Myanmar,2012,8374815859.195218,37.2916675,59937796648.2158,49837446.0,2.22540068514517,,640.653416666667,1,0,0,22.84849492745406,3.6187699102732784,24.816573138870265,17.724277187149717,3.2444063302307993,1,2811927634.425516,5483554578.387424,21.75713607600662,22.42501937331778,25.64648,116.678300548146,4,0
MMR,Myanmar,2013,11232890753.37058,39.9086675,60269732854.827,50262658.0,3.74085607932619,,933.570456356879,1,0,0,23.142111986050722,3.6865935308811135,24.822095871958123,17.732772973679367,3.6187699102732784,1,3383869848.50615,6864540678.816529,21.942285817107415,22.649634966253714,37.2916675,0.4572160735741728,4,0
MMR,Myanmar,2014,11030641921.368134,40.0606,65531374199.6663,50681634.0,3.31904421407388,,984.345747560046,1,0,0,23.123942866285226,3.6903933076592095,24.905794860320686,17.741074154412857,3.6865935308811135,1,2915588083.940068,7423693959.912457,21.793337380463043,22.72794260850848,39.9086675,0.05438827981051375,4,0
MMR,Myanmar,2015,11432342562.572533,47.5433,59607290407.6191,51089056.0,6.85124098710894,,1162.61532862554,1,0,0,23.159712242360555,3.861640874752203,24.811043725812443,17.749080863939174,3.6903933076592095,1,3488827732.1723027,7358119948.396075,21.972831623375566,22.719070295262373,40.0606,0.18110463879930516,4,0
MMR,Myanmar,2016,11836566477.837782,52.72942,63298361996.2153,51495696.0,5.17880132517466,,1234.86951666667,1,0,0,23.194459430920183,3.9651735540508204,24.871125288924688,17.75700878932603,3.861640874752203,1,4476361978.204416,7270526282.574341,22.222076495038728,22.707094516872335,47.5433,0.06214797471021627,4,0
MMR,Myanmar,2017,13877953288.755665,44.97264,66053040483.0016,51894938.0,7.27335555212816,,1360.35870704085,1,0,0,23.353567323569685,3.806054304863367,24.913723899906,17.764731809660706,3.9651735540508204,1,4466357118.64387,9316847404.57604,22.219838951037538,22.955090147109065,52.72942,0.10162141722707485,4,0
MMR,Myanmar,2018,16703641418.862478,43.4245575,67860515989.517,52272247.0,2.60563229851106,,1429.80797520107,1,0,0,23.538892581633565,3.7710251220925217,24.94072020000947,17.77197613809496,3.806054304863367,1,4662614217.656499,12015401298.11598,22.2628421187008,23.20945510533705,44.97264,0.051052173078151464,4,0
MMR,Myanmar,2019,17997120540.487553,37.23075,75065106227.6892,52640713.0,2.31211211194364,,1518.25511666667,1,0,0,23.6134776120731,3.617135032726036,25.04162165695241,17.779000389722434,3.7710251220925217,1,4365671322.100254,13629228639.447296,22.197037810999035,23.33548248820289,43.4245575,0.06185945455589015,4,0
MMR,Myanmar,2020,16949753640.154612,38.3599275,79006113643.1906,53016522.0,2.41393222885654,,1381.61916666667,1,0,1,23.55351913616309,3.647013360023879,25.092791074307634,17.786114158785928,3.617135032726036,1,4856417427.34555,12091567001.75906,22.3035668481594,23.215774104568744,37.23075,-0.08999538252832251,4,0
MMR,Myanmar,2021,15153407713.212622,32.315192499999995,66345291160.1683,53387102.0,3.11492561696787,,,1,0,1,23.441491275173668,3.4755374756830357,24.918138625502593,17.793079739175482,3.647013360023879,1,4901771478.9687805,10249534018.04384,22.312862503048258,23.050498079843155,38.3599275,0.0,4,0
MMR,Myanmar,2022,17083481669.427988,36.2486375,62253049891.6449,53756787.0,1.98946076080719,,,1,0,0,23.56137784934759,3.5904017943874083,24.85447336533434,17.79998048676813,3.4755374756830357,1,4594720469.59061,12488447567.96738,22.24817375729984,23.24806985936095,32.315192499999995,0.0,4,0
MMR,Myanmar,2023,14753234816.86541,47.246375,66757619000.0,54133798.0,2.27715131661601,,,1,0,0,23.414728205305394,3.855375931419935,24.92433427003513,17.806969280730744,3.5904017943874083,1,4218236052.70353,10534998764.161882,22.162682880619553,23.077968766894713,36.2486375,0.0,4,0
MMR,Myanmar,2024,14898890725.65928,41.1990725,74068349523.8095,54500091.0,1.47879223317634,,,1,0,0,23.42455259918411,3.7184157439661565,25.02825414606923,17.81371292935685,3.855375931419935,1,5472085929.96573,9426804795.69355,22.42292572071897,22.966823042207828,47.246375,0.0,4,0
MMR,Myanmar,2025,14566760372.58523,36.24783,81665773809.5238,54850648.0,,,,1,0,0,23.402008083259744,3.590379517439913,25.125900825818658,17.820124558654015,3.7184157439661565,1,4184883929.2237697,10381876443.36146,22.154744805550724,23.063327473236658,41.1990725,0.0,4,0
MYS,Malaysia,2010,198612140591.68945,442.247695,255017638455.59,28655776.0,4.26864663854031,100.0,3.22108691472175,0,1,0,26.014619717563637,6.09187012104214,26.264598550126752,17.17086558638999,,1,22458774782.3254,175295716370.49884,23.834947233670142,25.889740192582444,,,4,0
MYS,Malaysia,2011,228086016535.1389,493.95318,297951668674.835,29162039.0,5.07446032143377,99.937321493972,3.06000301052058,0,1,0,26.15298866025911,6.202440735368333,26.420197124643384,17.188378387214307,6.09187012104214,1,30282672882.177765,196847383839.6482,24.133841533818636,26.005694564126674,442.247695,-0.050009176549986156,4,0
MYS,Malaysia,2012,227544077244.2573,480.83371,314443047642.111,29662831.0,2.82905738174529,99.6471474510842,3.08880086662188,0,1,0,26.150609802699663,6.175521493076056,26.474068808110047,17.205405338534526,6.202440735368333,1,27355413650.309982,198946837425.66196,24.03218028590919,26.016303477365593,493.95318,0.009411054826511611,4,0
MYS,Malaysia,2013,228223394954.31705,474.15216,323276235524.415,30174265.0,3.49431175959971,99.0621548005978,3.15090855009724,0,1,0,26.153590788638976,6.161528282839765,26.50177301302007,17.222499966739033,6.175521493076056,1,24061193060.691586,203017582659.49832,23.903866133158466,26.036558426323612,480.83371,0.020107376991021386,4,0
MYS,Malaysia,2014,233927349148.70963,461.6900325,338066095097.254,30696137.0,3.14122940365348,97.9306111605156,3.27285974643047,0,1,0,26.178276430373703,6.134893740585947,26.546507260937496,17.239647374021196,6.161528282839765,1,24846092518.72229,208093405451.9734,23.935966334417767,26.061252880521312,474.15216,0.03870350230553865,4,0
MYS,Malaysia,2015,199157940658.7682,473.30025,301355266964.947,31232798.0,3.27094402931735,89.3872569279287,3.90550026302768,0,1,0,26.01736401853221,6.159729965118275,26.431555694622006,17.256979318585756,6.134893740585947,1,20711626563.97219,177734663409.27783,23.753961049297427,25.90355762010293,461.6900325,0.1932990001442001,4,0
MYS,Malaysia,2016,189659167796.5431,478.178465,301256033870.334,31789685.0,4.47130958598651,86.387952757225,4.14830066287879,0,1,0,25.968494444522193,6.169984020551384,26.431226350995782,17.27465242406155,6.159729965118275,1,20962782054.199383,168113638811.22238,23.766014419184675,25.847906009175134,473.30025,0.06216883459198197,4,0
MYS,Malaysia,2017,217722000283.42413,463.0247075,319109094160.343,32355644.0,2.9358203805856,84.982915692761,4.30044087761124,0,1,0,26.10648485788259,6.137780416593316,26.48879886923016,17.292299030463333,6.169984020551384,1,21867026919.85933,195126823218.48105,23.8082457190862,25.996915559587073,478.178465,0.036675310469629574,4,0
MYS,Malaysia,2018,248671683759.73267,467.134855,358788845712.53,32910967.0,2.31458721219734,88.474346316969,4.03513013706806,0,1,0,26.239399324256006,6.146617984719847,26.6059998788901,17.309316503654056,6.137780416593316,1,20731970795.52385,227061965400.26468,23.754942828606268,26.148488792508388,463.0247075,-0.06169384676916001,4,0
MYS,Malaysia,2019,238088999432.84943,460.5462075,365177721021.516,33440596.0,2.50697705748044,87.2353834702942,4.14246973569731,0,1,0,26.195910387913905,6.132413192680982,26.623649978936463,17.325281168988454,6.146617984719847,1,20392436445.53868,216908022715.49417,23.73842990657359,26.102739242179542,467.134855,0.02660127306507243,4,0
MYS,Malaysia,2020,234609548237.8355,468.5965325,337456163961.211,33889558.0,1.20275464255821,84.1523454190495,4.20348194851884,0,1,1,26.181188472413584,6.14974212634508,26.54470145426389,17.338617501302846,6.132413192680982,1,22056502914.77293,212085615140.4409,23.816873312129612,26.08025587509706,460.5462075,0.01472846314259435,4,0
MYS,Malaysia,2021,299333771983.9618,473.33377,373784553029.978,34282399.0,5.41626377085161,83.1060919893354,4.14329759817721,0,1,1,26.424825082004688,6.159800784461982,26.646945406956647,17.350142631742276,6.14974212634508,1,29284075309.02188,269436420252.2465,24.100309700405614,26.3195982820312,468.5965325,-0.014317737313666035,4,0
MYS,Malaysia,2022,356901004316.4687,477.81565,407830525989.553,34695493.0,3.68486215546291,81.9164182218074,4.40107634540072,0,1,0,26.6007242814382,6.169224988645797,26.734117547580865,17.362120351755113,6.159800784461982,1,34529104724.47438,321481635526.56494,24.26506842054258,26.496206257768858,473.33377,0.06221584163708549,4,0
MYS,Malaysia,2023,312705896964.40857,493.3251475,399949418752.657,35126298.0,1.97990062716743,79.875532533729,4.56062343240897,0,1,0,26.46852895944924,6.201168485046982,26.714603922940167,17.374460638672065,6.169224988645797,1,27669226201.15628,284292903782.45306,24.043586665090615,26.373270894976876,477.81565,0.036251833525901445,4,0
MYS,Malaysia,2024,330595077758.4328,491.4130175,422227005428.688,35557673.0,3.6930953933026,80.8222421674115,4.5764279106858,0,1,0,26.524160133409527,6.197284950375199,26.768808933907394,17.38666652777361,6.201168485046982,1,31221898466.955254,298646952424.51544,24.1643855595044,26.42252795156744,493.3251475,0.0034654205748538836,4,0
MYS,Malaysia,2025,435366564422.0747,517.454095,472193128644.597,35977838.0,,85.2571212619238,4.28442415048243,0,1,0,26.799454190014664,6.2489208158909655,26.880653909701596,17.39841369574295,6.197284950375199,1,41098187185.64872,393408613225.56793,24.4392298500707,26.698114636981895,491.4130175,-0.06380604390632971,4,0
PHL,Philippines,2010,51431703405.0,130.2891975,208368893151.144,96337125.0,0.513698049517659,100.0,45.1096641800896,0,1,0,24.663520617028617,4.869756575859007,26.062575870574804,18.38336431649561,,1,3917399243.0,47514304162.0,22.088693812144484,24.584296642906015,,,4,0
PHL,Philippines,2011,48042193206.0,137.81806,234216730291.32,98248614.0,0.856963002985963,100.280191971433,43.3131369237488,0,1,0,24.59534548686297,4.925934409498542,26.17951272147372,18.403011701743914,4.869756575859007,1,5121339516.0,42918544777.0,22.35668186599893,24.4825698486588,130.2891975,-0.03982577323494574,4,0
PHL,Philippines,2012,51995237988.0,134.0695875,261920540962.63,100175512.0,1.22763000703119,104.835583267813,42.2287947349434,0,1,0,24.67441797418055,4.898358974857786,26.291307015940614,18.422434325529075,4.925934409498542,1,4819864914.0,47175373074.0,22.2960117384751,24.57713783646864,137.81806,-0.02503494934376016,4,0
PHL,Philippines,2013,53978267908.0,147.775285,283902828588.718,102076336.0,1.31642638378197,107.635504272725,42.4461848306739,0,1,0,24.711847356359353,4.995692775316254,26.371897863703346,18.441231483499642,4.898358974857786,1,5894587701.0,48083680207.0,22.49730042803178,24.596208667650888,134.0695875,0.005147911445140485,4,0
PHL,Philippines,2014,62101619193.0,145.80259999999998,297483555338.044,103767130.0,1.92937522802216,106.305112083626,44.3951543042097,0,1,0,24.852037899507277,4.9822536520630205,26.41862478422967,18.45765981187992,4.995692775316254,1,6390498828.0,55711120365.0,22.578078166138795,24.743445611439277,147.775285,0.04591624621413248,4,0
PHL,Philippines,2015,58648377604.0,144.0113575,306445871242.322,105312992.0,1.84018010717942,111.362457840083,45.5028399421431,0,1,0,24.794825749327394,4.969892167993583,26.44830697392827,18.47244735031013,4.9822536520630205,1,4778944687.0,53869432917.0,22.287485582296753,24.70982904670392,145.80259999999998,0.024950597768918392,4,0
PHL,Philippines,2016,56312889212.0,166.45739,318627003016.731,106735719.0,2.59850803494211,108.264468624972,47.4924638585099,0,1,0,24.754189283935922,5.114739360752517,26.48728698606226,18.4858664212642,4.969892167993583,1,4958235207.0,51354654005.0,22.324315709329294,24.66202140222282,144.0113575,0.04372526899192697,4,0
PHL,Philippines,2017,68712897400.0,170.780795,328480736802.76,108119693.0,3.12238778404896,103.345350426906,50.4037197937177,0,1,0,24.95320275363475,5.140380833580465,26.517744033281858,18.49874943993083,5.114739360752517,1,6579504622.0,62133392778.0,22.607225294039214,24.852549407256802,166.45739,0.06129932411763361,4,0
PHL,Philippines,2018,69307425788.0,171.0517425,346841896587.313,109465287.0,2.86833826070497,100.482072003382,52.6614299539683,0,1,0,24.961817891629657,5.141966098451527,26.572134883631268,18.511118043262734,5.140380833580465,1,6144960632.0,63162465156.0,22.53889817343453,24.868976055907844,170.780795,0.044792530580887835,4,0
PHL,Philippines,2019,70926981841.0,173.7821275,376823402239.136,110804683.0,2.30117498598294,105.220947016203,51.7957826517332,0,1,0,24.984916760021466,5.157802373826627,26.65504248557334,18.523279596727264,5.141966098451527,1,6690712953.0,64236268888.0,22.62398627536353,24.885833824076244,171.0517425,-0.016437975630205437,4,0
PHL,Philippines,2020,65214516368.0,159.3172875,361751145451.597,112081264.0,1.88586363211171,111.088860828931,49.6240960026328,0,1,1,24.900947924778574,5.0708977326852045,26.614222368870674,18.53473473758825,5.157802373826627,1,6215695293.0,58998821075.0,22.550343429022604,24.80078329887283,173.7821275,-0.04192786628406575,4,0
PHL,Philippines,2021,74617568026.0,150.6053925,394087359848.11,113100950.0,3.04078855310045,110.985332708214,49.2545977288412,0,1,1,25.035641812758296,5.014663121497654,26.699838447169697,18.543791340697403,5.0708977326852045,1,6797174694.0,67820393332.0,22.639772876613705,24.94012877327321,159.3172875,-0.00744594468324411,4,0
PHL,Philippines,2022,79574105032.0,152.1277975,404353369604.631,113964338.0,2.3475097233369,109.19580079688,54.477785837205,0,1,0,25.099954563202438,5.0247209406209405,26.725555009839525,18.551396132857555,5.014663121497654,1,7525791232.0,72048313800.0,22.741601789163415,25.000602755925854,150.6053925,0.10604468108984966,4,0
PHL,Philippines,2023,73617115492.0,178.998135,437055627245.138,114891199.0,2.04210354820336,112.937718636588,55.630363223193,0,1,0,25.02214338309193,5.187375386792064,26.80332631740801,18.559496142844377,5.0247209406209405,1,6454338404.0,67162777088.0,22.588018362421316,24.930385018628424,152.1277975,0.02115683242766564,4,0
PHL,Philippines,2024,84207135952.0,181.0703825,461671157904.74,115843670.0,2.03571882251572,113.604959905022,57.2906550699734,0,1,0,25.156545504627363,5.198885809273022,26.85811869516594,18.56775216772966,5.187375386792064,1,9121545964.0,74796199197.0,22.933905140263334,25.038032907761494,178.998135,0.029845065726412434,4,0
PHL,Philippines,2025,84544385733.0,184.8690375,487086123720.417,116786962.0,1.59958262597666,112.404419327918,57.5050971489715,0,1,0,25.160542508347692,5.219647668989574,26.911706789815494,18.575861995415348,5.198885809273022,1,9310469717.0,75128172772.0,22.954405379916494,25.042461462147923,181.0703825,0.0037430551062156425,4,0
SGP,Singapore,2010,353242611500.9312,568.11302,239807980591.24,5076732.0,23.0694716770802,99.9999999999999,1.36350833333333,0,1,0,26.59042094251292,6.34232037780072,26.203104359183047,15.44017830545726,,1,7062258609.319991,321270956143.8928,22.67803075362352,26.495550704160994,,,4,0
SGP,Singapore,2011,416202051237.6457,581.0379875,279356499090.458,5183688.0,17.5960314065854,105.289987124903,1.25777587719298,0,1,0,26.75443667938406,6.364816137674952,26.355754577626435,15.461027330017862,6.34232037780072,1,9002467821.860197,375094995818.3513,22.920764579124928,26.650445153018445,568.11302,-0.07754441506189325,4,0
SGP,Singapore,2012,415613947203.4232,560.5578925,295092888076.589,5312437.0,18.7435244231802,110.195747053345,1.2496762037037,0,1,0,26.753022654808152,6.328932524421987,26.410556018559447,15.485561233320963,6.364816137674952,1,9032174500.959557,373188353899.2242,22.92405898390824,26.64534909937487,581.0379875,-0.006439679466071713,4,0
SGP,Singapore,2013,419936722201.997,562.2020299999999,307576360584.992,5399162.0,20.9344810446532,112.15319599048,1.2513,0,1,0,26.763369875449435,6.331861269280569,26.451989220470576,15.50175431430685,6.328932524421987,1,9890563711.913998,376915073822.9716,23.01484697912798,26.65528573064361,560.5578925,0.0012993736229334196,4,0
SGP,Singapore,2014,415377838202.0696,546.146105,314863580758.455,5469724.0,21.8184880782679,111.361833984626,1.26705,0,1,0,26.752454396464678,6.3028865315237566,26.47540530500985,15.514738716086773,6.331861269280569,1,10764873382.948668,372364883703.1265,23.09955420577519,26.643140080650443,562.2020299999999,0.01258690961400144,4,0
SGP,Singapore,2015,357905858906.3802,550.2638375,307998545269.398,5535002.0,22.6541826890491,108.178005779277,1.374825,0,1,0,26.60353582481737,6.310397867750528,26.453360896757527,15.526602485461757,6.3028865315237566,1,10292062189.062391,327759980556.864,23.054638773813878,26.515547410863764,546.146105,0.0850597845388894,4,0
SGP,Singapore,2016,338083175541.25165,549.1025374999999,320759207438.623,5607283.0,20.3059406285478,108.133018959265,1.38154636363636,0,1,0,26.54655778363934,6.3082851954724735,26.493956545996237,15.539576846455615,6.310397867750528,1,9904190960.077808,312228080558.2296,23.016223833809175,26.466999785115714,550.2638375,0.004888886684748961,4,0
SGP,Singapore,2017,383252438407.3949,561.3567025,344795119213.571,5612253.0,29.5741008560154,106.970208299966,1.380925,0,1,0,26.671959717124004,6.330356536799661,26.56621622022268,15.54046280115554,6.3082851954724735,1,10684038481.618431,351204507942.6703,23.092016733986444,26.584634534452643,549.1025374999999,-0.0004497595250618769,4,0
SGP,Singapore,2018,411973290037.9865,596.101715,377976367877.038,5638676.0,22.7862106121625,106.168973225633,1.34884166666667,0,1,0,26.744224354189495,6.390411315255797,26.6580975117678,15.545159844142681,6.330356536799661,1,13438889755.196102,372087995699.8148,23.321418561128937,26.64239621082674,561.3567025,-0.023233219279345296,4,0
SGP,Singapore,2019,390689883101.1405,570.7605424999999,376827390962.044,5703569.0,28.1758142041642,106.327529048787,1.36415833333333,0,1,0,26.691179944382796,6.346969756548993,26.655053070642563,15.556602677211574,6.390411315255797,1,13836455665.089554,355315208860.8075,23.350572660775484,26.596271144744865,596.101715,0.01135542224500763,4,0
SGP,Singapore,2020,374824820027.3456,571.0911475,351226533656.292,5685807.0,22.5843942948636,103.390017350543,1.37974166666667,0,1,1,26.649724607176115,6.347548824762725,26.58469724726664,15.553483627599066,6.346969756548993,1,12912326515.71589,341591785769.0338,23.28144823592657,26.55688225222813,570.7605424999999,0.011423405152143795,4,0
SGP,Singapore,2021,456805200524.96295,576.3645125,441110903524.645,5453566.0,32.2624851402185,103.238996730444,1.34348333333333,0,1,1,26.84752287991028,6.356740294742156,26.812562162692277,15.511780264597313,6.347548824762725,1,14468284596.754396,417814089673.089,23.39522482161653,26.75830240898778,571.0911475,-0.026279073981245182,4,0
SGP,Singapore,2022,514873698820.629,571.0973875,514252535238.749,5637022.0,28.0305519383786,109.495897946291,1.37866666666667,0,1,0,26.967187462524187,6.347559751155013,26.965980295440584,15.544866469841265,6.356740294742156,1,14776388333.246471,464620186134.25366,23.41629636084928,26.86448610475525,576.3645125,0.026188142763220013,4,0
SGP,Singapore,2023,475915025914.3669,594.51343,511181761243.76,5917648.0,24.607056245637,117.435809770402,1.34276666666667,0,1,0,26.888505158255153,6.387743306287788,26.959991061055096,15.59344963061941,6.347559751155013,1,13709987141.532455,429845751507.80566,23.34139039263051,26.786692263855826,571.0973875,-0.026039651837524103,4,0
SGP,Singapore,2024,504355714556.3573,587.2538724999999,572877260178.427,6036860.0,23.5787255966584,120.866279601424,1.33623333333333,0,1,0,26.94654763892011,6.375457217812725,27.07393732509356,15.613394567183342,6.387743306287788,1,14079639598.478012,455756726340.6556,23.367995590649702,26.84522500923479,594.51343,-0.004865576049455034,4,0
SGP,Singapore,2025,566835505473.2765,614.068585,603869516998.738,6111175.0,26.3447254389071,121.617553314704,1.30745,0,1,0,27.063334984779267,6.420106623863341,27.126623980084027,15.625629620351331,6.375457217812725,1,12820612660.922005,522982501005.9626,23.27432007676055,26.98281384157196,587.2538724999999,-0.021540649088230723,4,0
THA,Thailand,2010,193298141941.1981,200.1647875,341104766329.17,68579447.0,4.32320928209171,,31.685705,0,1,0,25.98749961080823,5.29914096479787,26.55545549968051,18.043503441391152,,1,26023028425.20604,167275113515.9921,23.9822476916212,25.842905680234054,,,4,0
THA,Thailand,2011,222579123577.456,201.1163225,370818739623.622,69007208.0,0.667087644548593,,30.4917333333333,0,1,0,26.128548486921964,5.303883459571342,26.638979207720375,18.04972152087369,5.29914096479787,1,32681295305.190147,189897828272.26587,24.210068742174457,25.969752018534255,200.1647875,-0.037681713778080606,4,0
THA,Thailand,2012,229529278186.2057,194.7945225,397558325278.579,69436098.0,3.24456444314608,,31.0830916666667,0,1,0,26.15929643210627,5.271945272229938,26.708607490537542,18.055917434341204,5.303883459571342,1,32187824687.65572,197341453498.55,24.19485410270297,26.008201331801587,201.1163225,0.01939405434478636,4,0
THA,Thailand,2013,228730224139.12253,203.12117,420333654592.547,69845114.0,3.79126450872817,,30.7259666666667,0,1,0,26.155809085514036,5.313802697521622,26.764314648539234,18.06179069132801,5.271945272229938,1,30889917059.798264,197840307079.32425,24.153695658855437,26.010726012318315,194.7945225,-0.011489365466916479,4,0
THA,Thailand,2014,227573581585.8029,195.81633,407339040197.651,70216367.0,1.22145318013998,,32.4798333333333,0,1,0,26.150739458585406,5.277177128048734,26.7329116982169,18.06709198996938,5.313802697521622,1,32406448951.366188,195167132634.4367,24.201623281647354,25.9971221188509,203.12117,0.057080927207061594,4,0
THA,Thailand,2015,214396234864.1043,207.8234925,401296238228.084,70540795.0,2.22468548959784,,34.2477166666667,0,1,0,26.091091704720686,5.336689125691818,26.71796574021094,18.071701752909977,5.277177128048734,1,30560336914.77863,183835897949.32568,24.142968825882214,25.937309337641505,195.81633,0.05443018488395546,4,0
THA,Thailand,2016,215326624050.7492,215.6388075,413366349747.508,70859841.0,0.843364340718618,,35.2963833333333,0,1,0,26.095421893916434,5.373604820518094,26.74760008210866,18.076214413537947,5.336689125691818,1,30295243368.37907,185031380682.3701,24.134256552596426,25.943791272950097,207.8234925,0.030620046202591844,4,0
THA,Thailand,2017,236694183285.56332,210.1484475,456356813536.764,71160187.0,1.81550260101987,,33.9398110566858,0,1,0,26.19003477895892,5.347814173843537,26.846540826304608,18.080444048639286,5.373604820518094,1,33203570063.458298,203490613222.10504,24.225923239119577,26.03888571409249,215.6388075,-0.038433747271958585,4,0
THA,Thailand,2018,241010512298.93256,217.4658675,506754208404.485,71376079.0,2.71279835138662,,32.3102257431458,0,1,0,26.20810638898341,5.382041907179293,26.951291926939618,18.083473343164187,5.347814173843537,1,33816068623.25824,207194443675.67435,24.24420192952213,26.056923530735084,210.1484475,-0.04801397717913891,4,0
THA,Thailand,2019,246140699304.45392,221.71129,543976691793.886,71522271.0,1.01734877580041,,31.0476057805499,0,1,0,26.22916915777072,5.40137603999863,27.022172236917317,18.08551944168111,5.382041907179293,1,35513701166.54948,210626998137.90445,24.29318440732238,26.073354624716192,217.4658675,-0.03907802974306818,4,0
THA,Thailand,2020,231408161789.00568,225.81493,500274927778.532,71641484.0,-0.858310188764945,,31.2936732130832,0,1,1,26.167448922427987,5.419715769990285,26.93842363981049,18.087184849626773,5.40137603999863,1,34778868695.2854,196629293093.7203,24.272275817893416,26.00458603200243,221.71129,0.00792548817685157,4,0
THA,Thailand,2021,272006084548.56607,238.9591625,506049783824.94,71727332.0,3.04112326260094,,31.9770934417717,0,1,1,26.329090272656057,5.476292669131039,26.949900888400002,18.08838243237392,5.419715769990285,1,39028033071.291306,232978051477.2748,24.387546021565214,26.174210086406696,225.81493,0.021838926483158216,4,0
THA,Thailand,2022,287424909458.833,252.074275,495691837308.033,71735329.0,2.39157096115532,,35.0613502144776,0,1,0,26.38422747857819,5.529723786147007,26.92922027483722,18.088493917828778,5.476292669131039,1,43421183228.025696,244003726230.8073,24.494213251785872,26.22044933356074,238.9591625,0.09645206742514412,4,0
THA,Thailand,2023,285074291496.7967,264.7608375,517013369475.121,71702435.0,1.9975474592024,,34.8021885808364,0,1,0,26.376015655164625,5.5788269184879,26.971334570840252,18.088035265941585,5.529723786147007,1,44672215229.152695,240402076267.644,24.52261756206255,26.205578676290816,252.074275,-0.00739166153202464,4,0
THA,Thailand,2024,300739792494.52686,263.6409275,529385520941.539,71668011.0,2.70165281834265,,35.2935380808081,0,1,0,26.429511251057395,5.574588054233254,26.99498277642497,18.08755505538743,5.5788269184879,1,46339383059.8492,254400409434.67767,24.559258042522554,26.262175277824124,264.7608375,0.014118350598279816,4,0
THA,Thailand,2025,339635006331.6028,272.2796475,577009981112.015,71619863.0,3.26524902878263,,32.882809252867,0,1,0,26.551137367141795,5.606829653955731,27.08112540159262,18.086883009659232,5.574588054233254,1,46172285480.7052,293462720850.8976,24.55564557366327,26.405016452307155,263.6409275,-0.06830510509945176,4,0
VNM,Viet Nam,2010,72236663138.81609,210.217665,147201173196.979,87455152.0,5.4347392933443,,18612.9166666667,1,0,0,25.003213553665145,5.348143493922238,25.715066013297598,18.286636671358494,,1,14010867685.1546,57459576326.6459,23.363099128650532,24.774347517108833,,,4,0
VNM,Viet Nam,2011,96905673977.0,242.391935,172595049183.925,88468314.0,4.30487434902161,,20509.75,1,0,0,25.297003909103058,5.490555982189507,25.874213931429573,18.298155011970415,5.348143493922238,1,18613990122.5652,77146435971.31471,23.64717929206432,25.06897121859408,210.217665,0.10190951624095979,4,0
VNM,Viet Nam,2012,114510733701.00014,217.8999425,195590661129.249,89510356.0,4.27832287681174,,20828.0,1,0,0,25.463934399660538,5.384035978068025,25.99928984866932,18.309864886048462,5.490555982189507,1,19460002925.2334,93025521331.34113,23.691627064024576,25.25613971537023,242.391935,0.015517010202464654,4,0
VNM,Viet Nam,2013,132664094199.5,214.92289,213708811665.34,90573104.0,4.16454517277325,,20933.4166666667,1,0,0,25.611086162918713,5.370279312634162,26.08788023223209,18.321667861597806,5.384035978068025,1,18872751289.0075,110280082176.8864,23.660984987977898,25.426289168267548,217.8999425,0.005061295691698664,4,0
VNM,Viet Nam,2014,148091500613.0337,215.43195,233451469642.519,91679578.0,3.94086189051961,,21148.0,1,0,0,25.72109616705971,5.3726450824134835,26.176240053663822,18.33381020795327,5.370279312634162,1,21624943208.4326,123462284819.72548,23.797113263561258,25.539201560299524,214.92289,0.010250755371195241,4,0
VNM,Viet Nam,2015,162013852036.0,250.984195,239258328381.741,92823254.0,4.93190773329022,,21697.5675,1,0,0,25.810947674918392,5.525389969021718,26.20080967704661,18.346207748262582,5.3726450824134835,1,20822666426.4058,138077057145.34082,23.759307962365472,25.651077751375823,215.43195,0.02598673633440529,4,0
VNM,Viet Nam,2016,176575077826.52274,280.8052925,257096001177.982,94000117.0,4.90089302916746,,21935.0008333333,1,0,0,25.89701199299748,5.637661519908509,26.272715397530522,18.358806584914355,5.525389969021718,1,22910132740.4534,151342657959.784,23.85484512739125,25.742812360895776,250.984195,0.010942854922944667,4,0
VNM,Viet Nam,2017,213931460710.3432,285.5574275,281353605986.903,95176977.0,5.01148721749681,,22370.0866666667,1,0,0,26.088921523614143,5.65444315597903,26.36287809947327,18.371248632278718,5.637661519908509,1,25913906920.228203,185854294948.18735,23.97804560827455,25.948228843178832,280.8052925,0.019835232131481195,4,0
VNM,Viet Nam,2018,243698700467.0,307.7880675,310106478394.659,96237319.0,4.99828319622328,,22602.05,1,0,0,26.21919846505207,5.729411453596787,26.46018155414275,18.382327771802938,5.65444315597903,1,26918422230.7342,212895296264.4712,24.016076730448653,26.084066314963785,285.5574275,0.01036935335967848,4,0
VNM,Viet Nam,2019,264610323262.52145,314.1361975,334365270496.667,97173776.0,4.821074861051,,23050.2416666667,1,0,0,26.301524102463805,5.749826641865915,26.53549985659328,18.39201143879097,5.729411453596787,1,26083780404.7018,234054453972.7541,23.98457951766804,26.17881963451678,307.7880675,0.019829690964611624,4,0
VNM,Viet Nam,2020,281441457782.2953,330.0726525,346615738537.796,98079191.0,4.55836196782424,,23208.3683333333,1,0,1,26.36319029764899,5.799312789319979,26.571482621557625,18.40128578174948,5.749826641865915,1,25865151904.6028,252687669659.4593,23.97616241336368,26.255420055767246,314.1361975,0.006860087150204031,4,0
VNM,Viet Nam,2021,335792597810.00006,350.73449,366474752771.009,98935098.0,4.27314566190187,,23159.7825925926,1,0,1,26.53975953789841,5.860029498475279,26.627195468508756,18.409974617357538,5.799312789319979,1,28661072505.1124,302215686934.8913,24.078805680318016,26.434406794553936,330.0726525,-0.0020934578442947105,4,0
VNM,Viet Nam,2022,370909157438.9991,382.5086475,413445230668.578,99680655.0,4.32947308910883,,23271.2125,1,0,0,26.639223010916083,5.946751260854175,26.747790889598974,18.417482184009117,5.860029498475279,1,31850594820.5016,333348029377.91974,24.184321894473133,26.532452914422343,350.73449,0.004811353775101557,4,0
VNM,Viet Nam,2023,353077513296.0009,406.170605,433805036898.465,100352192.0,4.26458856546888,,23787.3191666667,1,0,0,26.589953454182513,6.006773280698111,26.79586104637935,18.42419647651564,5.946751260854175,1,34466622165.013405,312627071973.859,24.263257219201314,26.468276853787515,382.5086475,0.02217790184618429,4,0
VNM,Viet Nam,2024,403240725886.1231,409.660625,476324572783.807,100987686.0,4.23450755062236,,24164.8858333333,1,0,0,26.722799555264753,6.015329073026767,26.889365334402527,18.430509146580512,6.006773280698111,1,40536827805.8585,356749404002.5802,24.425476726409887,26.600299422671494,406.170605,0.015872602709921413,4,0
VNM,Viet Nam,2025,472928768897.0012,456.60261,514697215165.065,101598527.0,,,,1,0,0,26.88221061979979,6.123813450242301,26.966844632992203,18.43653959497206,6.015329073026767,1,47486612237.9109,419374014193.8151,24.58371366063757,26.762028994014013,409.660625,0.0,4,0
