iso3,country,year,fdi_gdp,gdp_usd,merch_export_wb,official_fx,population,reer
BRN,Brunei Darussalam,2010,3.50710078835613,13707121038.4383,8907000000.0,1.36350947368421,392332.0,
BRN,Brunei Darussalam,2011,3.73105568458092,18524791062.657,12465000000.0,1.25791302014692,399389.0,
BRN,Brunei Darussalam,2012,4.54055753809902,19048443340.7732,13001000000.0,1.24956701649958,405557.0,
BRN,Brunei Darussalam,2013,4.28670084809197,18094148098.6536,11447000000.0,1.25116566976059,411202.0,
BRN,Brunei Darussalam,2014,3.35660901155102,17097797386.0336,10509000000.0,1.2670401230814,416750.0,
BRN,Brunei Darussalam,2015,1.32471179544033,12930296870.1247,6353000000.0,1.37491084459887,422212.0,
BRN,Brunei Darussalam,2016,-1.32059047324396,11400266044.6651,4875000000.0,1.38134687688286,427564.0,
BRN,Brunei Darussalam,2017,3.85818821585897,12128168045.1245,5571000000.0,1.38089116405281,432772.0,
BRN,Brunei Darussalam,2018,3.80486552830842,13566908391.0895,6574000000.0,1.34891856542537,437810.0,
BRN,Brunei Darussalam,2019,2.77118007919324,13469235364.7032,7039000000.0,1.36421851405475,442680.0,
BRN,Brunei Darussalam,2020,4.71057565284031,12005799653.9835,6608000000.0,1.37970342971399,447404.0,
BRN,Brunei Darussalam,2021,1.47404982867232,14006496617.4458,11058000000.0,1.34380696297339,451721.0,
BRN,Brunei Darussalam,2022,-1.73946797718401,16681536466.7183,14230000000.0,1.37895639652216,455370.0,
BRN,Brunei Darussalam,2023,-0.37050451622702,15095084656.1634,11241000000.0,1.34307960114934,458949.0,
BRN,Brunei Darussalam,2024,0.189449066349964,15340808592.48,11258000000.0,1.33603327650724,462721.0,
BRN,Brunei Darussalam,2025,0.411162483586338,15031980994.1121,10498000000.0,1.307595108858,466330.0,
IDN,Indonesia,2010,2.02517914569356,755094157621.936,157779000000.0,9090.43333333333,246305322.0,
IDN,Indonesia,2011,2.30298429381592,892969104563.171,203497000000.0,8770.43333333333,249470032.0,
IDN,Indonesia,2012,2.30978031853073,917869913332.649,190032000000.0,9386.62916666667,252698525.0,
IDN,Indonesia,2013,2.55135633401058,912524136718.018,182552000000.0,10461.24,255852467.0,
IDN,Indonesia,2014,2.81997260412102,890814755533.537,176293000000.0,11865.2112962963,258877399.0,
IDN,Indonesia,2015,2.29761639380441,860854232686.214,150366000000.0,13389.4129365079,261799249.0,
IDN,Indonesia,2016,0.487372471368879,931877364037.698,144490000000.0,13308.3268020542,264627418.0,
IDN,Indonesia,2017,2.01948919812582,1015618744159.73,168811000000.0,13380.8338788891,267346658.0,
IDN,Indonesia,2018,1.81428979349441,1042271532988.63,180124000000.0,14236.9387734818,269951846.0,
IDN,Indonesia,2019,2.23336204282241,1119099871350.2,167683000000.0,14147.6713605454,272489381.0,
IDN,Indonesia,2020,1.81058402027127,1059054842698.48,163306000000.0,14582.2034678177,274814866.0,
IDN,Indonesia,2021,1.7878556314554,1186509691086.73,231506000000.0,14308.1439011897,276758053.0,
IDN,Indonesia,2022,1.87264100861425,1319101183380.15,291979000000.0,14849.8539362105,278830529.0,
IDN,Indonesia,2023,1.57116966408747,1371166925749.88,258857000000.0,15236.8846620506,281190067.0,
IDN,Indonesia,2024,1.73855290316368,1396301788461.69,264706000000.0,15855.4482866711,283487931.0,
IDN,Indonesia,2025,1.54140671670434,1445642584163.81,282909000000.0,16477.8651797836,285721236.0,
KHM,Cambodia,2010,10.169807189939,13808673288.0696,5143000000.0,4184.91666666667,14500726.0,
KHM,Cambodia,2011,9.59845134883877,16032622023.8265,6704000000.0,4058.5,14722584.0,
KHM,Cambodia,2012,11.1524912445112,17826536699.8016,7838000000.0,4033.0,14945085.0,
KHM,Cambodia,2013,10.4430587644193,19807135252.8649,6666000000.0,4027.25,15170208.0,
KHM,Cambodia,2014,8.40902020300656,22041463967.9009,6846000000.0,4037.5,15396772.0,
KHM,Cambodia,2015,7.54029662001984,24174170369.0738,8542000000.0,4067.75,15623251.0,
KHM,Cambodia,2016,9.32318507305764,26556545153.3573,10069000000.0,4058.69457885305,15852803.0,
KHM,Cambodia,2017,9.49760203098743,29355665909.7905,11278000000.0,4050.5799859191,16073372.0,
KHM,Cambodia,2018,9.69240300027112,33145892168.8958,12700000000.0,4051.16690028162,16274522.0,
KHM,Cambodia,2019,9.98500044202808,36685356407.7206,14825000000.0,4061.14896313364,16481304.0,
KHM,Cambodia,2020,10.410239809326,34818073901.4851,17716000000.0,4092.78321900878,16725474.0,
KHM,Cambodia,2021,9.4684591111041,36790163687.4421,19307000000.0,4098.72279505888,16974305.0,
KHM,Cambodia,2022,8.94830125779534,39994532959.6074,22472000000.0,4102.03786482335,17201724.0,
KHM,Cambodia,2023,9.35096701989758,42335646895.7984,23186000000.0,4110.65274641577,17423880.0,
KHM,Cambodia,2024,9.48089832015712,46352647037.2406,26661000000.0,4072.39723921642,17638801.0,
KHM,Cambodia,2025,9.94609689113059,51267065842.9641,31274000000.0,4013.43310400666,17847982.0,
LAO,Lao PDR,2010,3.90935018167503,7131771014.70456,1746000000.0,8254.16302973342,6334194.0,
LAO,Lao PDR,2011,3.43702755895922,8750104617.17303,2190000000.0,8029.2625550619,6426590.0,
LAO,Lao PDR,2012,6.06067602678934,10192846339.4029,2271000000.0,8006.58203188054,6518978.0,
LAO,Lao PDR,2013,5.68624628337024,11983252626.5452,2264000000.0,7833.22998982965,6611385.0,
LAO,Lao PDR,2014,6.53385086120159,13279245886.3854,2662000000.0,8042.42157002354,6703172.0,
LAO,Lao PDR,2015,7.47075777292731,14426380125.6488,3653000000.0,8127.61059846586,6801645.0,
LAO,Lao PDR,2016,5.87774436155716,15912501722.6143,4245000000.0,8124.36675616228,6908802.0,
LAO,Lao PDR,2017,9.87799160512334,17071155481.4994,4873000000.0,8244.84318921019,7018147.0,
LAO,Lao PDR,2018,7.4856486219066,18141641089.7963,5408000000.0,8401.33476613966,7128045.0,
LAO,Lao PDR,2019,4.03149139231071,18740561512.5555,5806000000.0,8679.40909309671,7237636.0,
LAO,Lao PDR,2020,5.09807193491087,18981805250.2424,6115000000.0,9045.78783382479,7346533.0,
LAO,Lao PDR,2021,5.69344695957329,18827148530.9347,7695000000.0,9697.91578947368,7453194.0,
LAO,Lao PDR,2022,4.69509225789707,15468785203.7532,8198000000.0,14035.2266926511,7559007.0,
LAO,Lao PDR,2023,11.2425630959408,15843155731.2552,8370000000.0,17688.8735909054,7664993.0,
LAO,Lao PDR,2024,5.98958863567394,16502933121.3379,9386000000.0,20167.3313803145,7769819.0,
LAO,Lao PDR,2025,,18302970218.5902,12377000000.0,,7873046.0,
MMR,Myanmar,2010,1.81897202342465,49540813342.4834,8661000000.0,5.63488333333333,49024382.0,
MMR,Myanmar,2011,4.20127651183029,59977326085.9908,9238000000.0,5.44410833333334,49419820.0,
MMR,Myanmar,2012,2.22540068514517,59937796648.2158,8877000000.0,640.653416666667,49837446.0,
MMR,Myanmar,2013,3.74085607932619,60269732854.827,11233000000.0,933.570456356879,50262658.0,
MMR,Myanmar,2014,3.31904421407388,65531374199.6663,11453000000.0,984.345747560046,50681634.0,
MMR,Myanmar,2015,6.85124098710894,59607290407.6191,11429000000.0,1162.61532862554,51089056.0,
MMR,Myanmar,2016,5.17880132517466,63298361996.2153,11831000000.0,1234.86951666667,51495696.0,
MMR,Myanmar,2017,7.27335555212816,66053040483.0016,13879000000.0,1360.35870704085,51894938.0,
MMR,Myanmar,2018,2.60563229851106,67860515989.517,16614000000.0,1429.80797520107,52272247.0,
MMR,Myanmar,2019,2.31211211194364,75065106227.6892,17997000000.0,1518.25511666667,52640713.0,
MMR,Myanmar,2020,2.41393222885654,79006113643.1906,16692000000.0,1381.61916666667,53016522.0,
MMR,Myanmar,2021,3.11492561696787,66345291160.1683,15154000000.0,,53387102.0,
MMR,Myanmar,2022,1.98946076080719,62253049891.6449,17085000000.0,,53756787.0,
MMR,Myanmar,2023,2.27715131661601,66757619000.0,14753000000.0,,54133798.0,
MMR,Myanmar,2024,1.47879223317634,74068349523.8095,14924000000.0,,54500091.0,
MMR,Myanmar,2025,,81665773809.5238,15298000000.0,,54850648.0,
MYS,Malaysia,2010,4.26864663854031,255017638455.59,198612000000.0,3.22108691472175,28655776.0,100.0
MYS,Malaysia,2011,5.07446032143377,297951668674.835,228086000000.0,3.06000301052058,29162039.0,99.937321493972
MYS,Malaysia,2012,2.82905738174529,314443047642.111,227538000000.0,3.08880086662188,29662831.0,99.6471474510842
MYS,Malaysia,2013,3.49431175959971,323276235524.415,228331000000.0,3.15090855009724,30174265.0,99.0621548005978
MYS,Malaysia,2014,3.14122940365348,338066095097.254,233927000000.0,3.27285974643047,30696137.0,97.9306111605156
MYS,Malaysia,2015,3.27094402931735,301355266964.947,199952000000.0,3.90550026302768,31232798.0,89.3872569279287
MYS,Malaysia,2016,4.47130958598651,301256033870.334,189743000000.0,4.14830066287879,31789685.0,86.387952757225
MYS,Malaysia,2017,2.9358203805856,319109094160.343,218130000000.0,4.30044087761124,32355644.0,84.982915692761
MYS,Malaysia,2018,2.31458721219734,358788845712.53,247455000000.0,4.03513013706806,32910967.0,88.474346316969
MYS,Malaysia,2019,2.50697705748044,365177721021.516,238195000000.0,4.14246973569731,33440596.0,87.2353834702942
MYS,Malaysia,2020,1.20275464255821,337456163961.211,234766000000.0,4.20348194851884,33889558.0,84.1523454190495
MYS,Malaysia,2021,5.41626377085161,373784553029.978,299425000000.0,4.14329759817721,34282399.0,83.1060919893354
MYS,Malaysia,2022,3.68486215546291,407830525989.553,352094000000.0,4.40107634540072,34695493.0,81.9164182218074
MYS,Malaysia,2023,1.97990062716743,399949418752.657,312965000000.0,4.56062343240897,35126298.0,79.875532533729
MYS,Malaysia,2024,3.6930953933026,422227005428.688,330761000000.0,4.5764279106858,35557673.0,80.8222421674115
MYS,Malaysia,2025,,472193128644.597,376041000000.0,4.28442415048243,35977838.0,85.2571212619238
PHL,Philippines,2010,0.513698049517659,208368893151.144,51498000000.0,45.1096641800896,96337125.0,100.0
PHL,Philippines,2011,0.856963002985963,234216730291.32,48305000000.0,43.3131369237488,98248614.0,100.280191971433
PHL,Philippines,2012,1.22763000703119,261920540962.63,52100000000.0,42.2287947349434,100175512.0,104.835583267813
PHL,Philippines,2013,1.31642638378197,283902828588.718,56698000000.0,42.4461848306739,102076336.0,107.635504272725
PHL,Philippines,2014,1.92937522802216,297483555338.044,62102000000.0,44.3951543042097,103767130.0,106.305112083626
PHL,Philippines,2015,1.84018010717942,306445871242.322,58827000000.0,45.5028399421431,105312992.0,111.362457840083
PHL,Philippines,2016,2.59850803494211,318627003016.731,56313000000.0,47.4924638585099,106735719.0,108.264468624972
PHL,Philippines,2017,3.12238778404896,328480736802.76,68713000000.0,50.4037197937177,108119693.0,103.345350426906
PHL,Philippines,2018,2.86833826070497,346841896587.313,67488000000.0,52.6614299539683,109465287.0,100.482072003382
PHL,Philippines,2019,2.30117498598294,376823402239.136,70334000000.0,51.7957826517332,110804683.0,105.220947016203
PHL,Philippines,2020,1.88586363211171,361751145451.597,63879000000.0,49.6240960026328,112081264.0,111.088860828931
PHL,Philippines,2021,3.04078855310045,394087359848.11,74618000000.0,49.2545977288412,113100950.0,110.985332708214
PHL,Philippines,2022,2.3475097233369,404353369604.631,78930000000.0,54.477785837205,113964338.0,109.19580079688
PHL,Philippines,2023,2.04210354820336,437055627245.138,73527000000.0,55.630363223193,114891199.0,112.937718636588
PHL,Philippines,2024,2.03571882251572,461671157904.74,72984000000.0,57.2906550699734,115843670.0,113.604959905022
PHL,Philippines,2025,1.59958262597666,487086123720.417,83723000000.0,57.5050971489715,116786962.0,112.404419327918
SGP,Singapore,2010,23.0694716770802,239807980591.24,351867000000.0,1.36350833333333,5076732.0,99.9999999999999
SGP,Singapore,2011,17.5960314065854,279356499090.458,409503000000.0,1.25777587719298,5183688.0,105.289987124903
SGP,Singapore,2012,18.7435244231802,295092888076.589,408393000000.0,1.2496762037037,5312437.0,110.195747053345
SGP,Singapore,2013,20.9344810446532,307576360584.992,410250000000.0,1.2513,5399162.0,112.15319599048
SGP,Singapore,2014,21.8184880782679,314863580758.455,415378000000.0,1.26705,5469724.0,111.361833984626
SGP,Singapore,2015,22.6541826890491,307998545269.398,351587000000.0,1.374825,5535002.0,108.178005779277
SGP,Singapore,2016,20.3059406285478,320759207438.623,330481000000.0,1.38154636363636,5607283.0,108.133018959265
SGP,Singapore,2017,29.5741008560154,344795119213.571,373446000000.0,1.380925,5612253.0,106.970208299966
SGP,Singapore,2018,22.7862106121625,377976367877.038,412955000000.0,1.34884166666667,5638676.0,106.168973225633
SGP,Singapore,2019,28.1758142041642,376827390962.044,390763000000.0,1.36415833333333,5703569.0,106.327529048787
SGP,Singapore,2020,22.5843942948636,351226533656.292,362534000000.0,1.37974166666667,5685807.0,103.390017350543
SGP,Singapore,2021,32.2624851402185,441110903524.645,457357000000.0,1.34348333333333,5453566.0,103.238996730444
SGP,Singapore,2022,28.0305519383786,514252535238.749,515802000000.0,1.37866666666667,5637022.0,109.495897946291
SGP,Singapore,2023,24.607056245637,511181761243.76,476252000000.0,1.34276666666667,5917648.0,117.435809770402
SGP,Singapore,2024,23.5787255966584,572877260178.427,505658000000.0,1.33623333333333,6036860.0,120.866279601424
SGP,Singapore,2025,26.3447254389071,603869516998.738,566872000000.0,1.30745,6111175.0,121.617553314704
THA,Thailand,2010,4.32320928209171,341104766329.17,193306000000.0,31.685705,68579447.0,
THA,Thailand,2011,0.667087644548593,370818739623.622,222576000000.0,30.4917333333333,69007208.0,
THA,Thailand,2012,3.24456444314608,397558325278.579,229106000000.0,31.0830916666667,69436098.0,
THA,Thailand,2013,3.79126450872817,420333654592.547,228505000000.0,30.7259666666667,69845114.0,
THA,Thailand,2014,1.22145318013998,407339040197.651,227462000000.0,32.4798333333333,70216367.0,
THA,Thailand,2015,2.22468548959784,401296238228.084,214310000000.0,34.2477166666667,70540795.0,
THA,Thailand,2016,0.843364340718618,413366349747.508,215388000000.0,35.2963833333333,70859841.0,
THA,Thailand,2017,1.81550260101987,456356813536.764,236635000000.0,33.9398110566858,71160187.0,
THA,Thailand,2018,2.71279835138662,506754208404.485,252957000000.0,32.3102257431458,71376079.0,
THA,Thailand,2019,1.01734877580041,543976691793.886,246269000000.0,31.0476057805499,71522271.0,
THA,Thailand,2020,-0.858310188764945,500274927778.532,231634000000.0,31.2936732130832,71641484.0,
THA,Thailand,2021,3.04112326260094,506049783824.94,272006000000.0,31.9770934417717,71727332.0,
THA,Thailand,2022,2.39157096115532,495691837308.033,287425000000.0,35.0613502144776,71735329.0,
THA,Thailand,2023,1.9975474592024,517013369475.121,285074000000.0,34.8021885808364,71702435.0,
THA,Thailand,2024,2.70165281834265,529385520941.539,300740000000.0,35.2935380808081,71668011.0,
THA,Thailand,2025,3.26524902878263,577009981112.015,339635000000.0,32.882809252867,71619863.0,
TLS,Timor-Leste,2010,3.43944743183908,881909300.0,16000000.0,1.0,1084679.0,
TLS,Timor-Leste,2011,4.70566334584962,1042534600.0,13000000.0,1.0,1110207.0,
TLS,Timor-Leste,2012,3.47958036025867,1160555000.0,31000000.0,1.0,1134885.0,
TLS,Timor-Leste,2013,4.00200681164531,1395727400.0,18000000.0,1.0,1158695.0,
TLS,Timor-Leste,2014,2.3422913323763,1447535200.0,15000000.0,1.0,1181903.0,
TLS,Timor-Leste,2015,2.70363930330864,1590282400.0,18000000.0,1.0,1205131.0,
TLS,Timor-Leste,2016,0.33397246121617,1640464600.0,20000000.0,1.0,1228312.0,
TLS,Timor-Leste,2017,0.42375096203898,1584878400.0,23000000.0,1.0,1251703.0,
TLS,Timor-Leste,2018,3.08007812980224,1555988600.0,45000000.0,1.0,1275959.0,
TLS,Timor-Leste,2019,-7.79447350305257,2032550400.0,154000000.0,1.0,1300945.0,
TLS,Timor-Leste,2020,-16.2053007941191,2162619200.0,264000000.0,1.0,1326053.0,
TLS,Timor-Leste,2021,-6.5936436488535,3625024300.0,615000000.0,1.0,1350139.0,
TLS,Timor-Leste,2022,1.67248574731989,3208599900.0,472000000.0,1.0,1369295.0,
TLS,Timor-Leste,2023,5.87499260731956,2079767200.0,164000000.0,1.0,1384286.0,
TLS,Timor-Leste,2024,12.0853687045097,1865608515.41321,86000000.0,1.0,1400638.0,
TLS,Timor-Leste,2025,13.3130496450646,1902180257.82737,103000000.0,1.0,1418517.0,
VNM,Viet Nam,2010,5.4347392933443,147201173196.979,72237000000.0,18612.9166666667,87455152.0,
VNM,Viet Nam,2011,4.30487434902161,172595049183.925,96906000000.0,20509.75,88468314.0,
VNM,Viet Nam,2012,4.27832287681174,195590661129.249,114529000000.0,20828.0,89510356.0,
VNM,Viet Nam,2013,4.16454517277325,213708811665.34,132033000000.0,20933.4166666667,90573104.0,
VNM,Viet Nam,2014,3.94086189051961,233451469642.519,150217000000.0,21148.0,91679578.0,
VNM,Viet Nam,2015,4.93190773329022,239258328381.741,162065000000.0,21697.5675,92823254.0,
VNM,Viet Nam,2016,4.90089302916746,257096001177.982,176581000000.0,21935.0008333333,94000117.0,
VNM,Viet Nam,2017,5.01148721749681,281353605986.903,215014000000.0,22370.0866666667,95176977.0,
VNM,Viet Nam,2018,4.99828319622328,310106478394.659,243699000000.0,22602.05,96237319.0,
VNM,Viet Nam,2019,4.821074861051,334365270496.667,264268000000.0,23050.2416666667,97173776.0,
VNM,Viet Nam,2020,4.55836196782424,346615738537.796,282629000000.0,23208.3683333333,98079191.0,
VNM,Viet Nam,2021,4.27314566190187,366474752771.009,335978000000.0,23159.7825925926,98935098.0,
VNM,Viet Nam,2022,4.32947308910883,413445230668.578,371288000000.0,23271.2125,99680655.0,
VNM,Viet Nam,2023,4.26458856546888,433805036898.465,353782000000.0,23787.3191666667,100352192.0,
VNM,Viet Nam,2024,4.23450755062236,476324572783.807,404824000000.0,24164.8858333333,100987686.0,
VNM,Viet Nam,2025,,514697215165.065,472929000000.0,,101598527.0,
